project,commit_id,ns,nd,nf,entropy,exp,rexp,sexp,ndev,age,nuc,fix,la,ld,lt
innoldb,888ad8e99b927d0b935fa550f016cf180ff892eb,1,1,1,0,0,0,0,0,0,0,0,50,0,0
innoldb,ddc6b0fbef8d60c020bfe0a9cc8dc3c57e98d2cf,1,1,6,0.185024,1,0.999992,1,0,0,0,0,160,0,0
innoldb,d21480c968c9e28da22c88369a35d2201f05dccb,2,2,6,0.0235751,2,1.99998,2,1,0.00219715,0.333333,0,3,50,30.3333
innoldb,de3246b1ca7a36e903a72af934b8efd5259da9aa,3,3,3,0.15876,3,2.99997,4,1,0.00216435,0.666667,0,6,3,3
innoldb,c21d41247c496a09eb66cfc756cafac2b46280ae,1,1,1,0,4,3.99996,4,1,0.00465278,1,0,7,1,25
innoldb,65cbd53dcd43e7cb7bbc3ff2f1519d810ca0e29b,1,1,3,0.221594,5,4.99964,2,1,0.0247377,1,0,31,22,45.3333
innoldb,5bcfc5a6c0bab4aee25639d3fcc2511930d17887,3,5,9,0.481452,6,5.98622,8,1,0.187523,0.222222,0,37,4,3.66667
innoldb,78cb65baa5ed85a669b1b6c2407b68d2b559b77a,3,3,5,0,7,6.98621,11,1,0.169451,0.6,0,2,1,0.4
innoldb,8696c91ab41af9b06f9201a71d886d751f71cdaf,2,2,2,0.623406,8,7.98592,7,1,0.423119,2,0,26,8,68
innoldb,6798b72f8fce7e176a1ec474837c2135fe70c109,5,5,9,0.283783,9,8.98496,17,1,0.412982,0.777778,0,59,28,25.2222
innoldb,5c7559d6dfe8ab873ae67af21cf02d2448f34a27,2,2,5,0.304333,10,9.98364,9,1,0.0291875,1.2,0,95,52,37.8
innoldb,9dd3fda237754931302bd9e664a3e4c4437842c6,1,1,1,0,11,10.9836,9,1,0.000902778,1,0,2,8,15
innoldb,e33f0bfe5e65170af4774eff5c3a349f3f6684ab,6,6,11,0.31318,12,11.9825,16,1,0.0456944,0.909091,0,188,21,26.6364
innoldb,9ec729b64ff92e0090b3e009d1a9277a7ef18d20,3,3,5,0.52352,13,12.9822,14,1,0.0240833,2,0,17,15,56.6
innoldb,32e2095526423e0586de40fb7d9a164af0be5534,1,1,2,0.310917,14,13.982,12,1,0.00954282,4,0,21,9,37
innoldb,b5c4a7c9aaa8fd721fc9e6fba04a0fd5d560aa68,1,1,1,0,15,14.982,2,1,0.00674769,8,1,3,0,183
innoldb,bee0d34a40dcb1428e9dabba4ed3da7d7c0a0de6,2,2,2,0.118135,16,15.9815,16,1,0.0122917,6,0,33,14,124
innoldb,1af41e60784a0b34b78fa2c4b46164d66254e671,1,1,1,0,17,16.9814,14,1,0.00128472,8,0,2,1,81
innoldb,05a480259ff70bef56ad862bf0f5a280f733fc5f,1,1,1,0,18,17.9812,15,1,0.00390046,9,0,19,2,82
innoldb,cfe2639f51664945cf3d8e14f424caad4336c59d,1,1,1,0,19,18.9805,16,1,0.0321528,4,0,31,3,24
innoldb,5c8567a3989d8351ed4b88dc843fdb3febc4cdde,3,3,7,0.324917,20,19.9712,26,1,0.242305,2,0,58,66,41.7143
innoldb,a463eee9d039299c9df9d463a8b7dae5ddf27952,1,1,1,0,21,20.9712,5,1,0.000347222,11,0,1,1,204
innoldb,cd801e61d6f63af90c30306697c69be18f1745b0,2,2,3,0.361055,22,21.9702,24,1,0.0165509,5,0,42,21,93.3333
innoldb,a22e3c103d6d894c9561bd1811738f97e69ef77b,2,2,7,0.0824471,23,22.9684,26,1,0.0125546,2.28571,0,740,34,43
innoldb,be87c47b21c28e3d3c47c49e25881989390e5376,1,1,1,0,24,23.9683,20,1,0.230312,10,0,2,1,99
innoldb,43c1972547f90648346642fac4699df6e16c87f0,1,1,1,0,25,24.9682,21,1,0.00119213,11,0,9,3,100
innoldb,62d34286c005da47ab6dd6f088c831f0318b5a62,4,4,7,0.252997,26,25.9676,27,1,0.120083,2.14286,0,77,143,40.4286
innoldb,37de1d6bc484fcb3700a93f11ad2eaefb495f715,4,4,14,0.272934,27,26.9664,37,1,0.0402067,1.35714,0,194,6,14.5714
innoldb,8fdb654b82ee68dc35e05731ff17c244fa5bf22a,4,5,9,0.295801,28,27.9641,41,1,0.0637616,2,0,98,14,52.7778
innoldb,ec2342f0f3a6ba9bd1d6e44a9a396267622f6555,4,6,17,0.541262,29,28.9621,39,1,0.0565237,1.17647,0,35,25,32.2353
innoldb,dd817a637366ba4189f907ea7b34e537c6a53142,2,3,4,0.281802,30,29.96,27,1,0.0602459,6.75,0,81,44,131.5
innoldb,a93638667d09108fb6149d939f954b093d6b3a62,1,1,2,0.127043,31,30.9597,27,1,0.0157581,8.5,0,18,4,68.5
innoldb,60bc7f18ca25a93553899cd900180aad6eb361ed,2,2,2,0.897722,32,31.9595,30,1,0.00412616,9,0,34,7,151
innoldb,001cff5cd6baf4125c69492c70f2673629bb5c54,1,1,1,0,33,32.9594,29,1,0.00174769,17,0,2,1,163
innoldb,f4c9ca82dce868ae262eb0285a8a0f5946addd46,2,3,4,0.472534,34,33.9566,33,1,0.0334057,7.75,0,144,33,151.25
innoldb,28b065ca205f9b26ed06e4b0a30a5913980fa7ed,3,4,8,0.341026,35,34.954,35,1,0.0402228,3.375,0,143,43,64.75
innoldb,c7a92cbb1b252d1369234c97035cdbd602a97193,2,3,6,0.283166,36,35.952,37,1,0.0403627,5.83333,0,118,43,132.5
innoldb,7b0e01897a69b4e06465e038ca78d01f6c649b27,2,2,2,0.847128,37,36.9514,39,1,0.00527778,13.5,0,28,8,174
innoldb,6d66b1b7996f2a0cef59daabef0286fc0626a4af,1,2,2,0.719738,38,37.9509,7,1,0.00826389,8.5,0,29,4,182
innoldb,3c79da96f8936982cadf92bdfddd4a9021b8a1dd,1,1,1,0,39,38.9506,8,1,0.00256944,14,0,7,10,101
innoldb,6c02fcd6626b8baefe3ea9919ff630bd4847e30e,1,1,2,0.377073,40,39.9502,34,1,0.0245081,12.5,0,9,8,155
innoldb,01137155e6e9d7e50c0357e4ee0588c30e49a29f,2,2,3,0.30521,41,40.9494,44,1,0.0146296,9,0,12,21,187.333
innoldb,c7c76afd33bbbfe8731cb6aa16ffadcb6036deca,3,4,5,0.321213,42,41.9478,52,1,0.0773056,5.4,0,10,22,113.8
innoldb,66d7fc390af81e4931627c168f69533ec6e189cf,6,18,117,0.251083,43,42.9435,62,1,0.0273505,0.350427,0,27221,1179,10.0769
innoldb,db40831276b495e0d55b01d358f4c4540d889524,1,2,12,0.487496,44,43.9429,1,0,0,0,0,493,0,0
innoldb,37fed28ffed140e4c6d14c7daf78f6b5b6beeae6,2,13,96,0.235633,45,44.9427,8,1,0.00003424,0.0104167,0,27825,2,0.770833
innoldb,b5de02c66ef071f31646391b47098127584d3157,5,22,94,0.373526,46,45.9426,48,1,0.00751157,0.0106383,0,1043,463,289.585
innoldb,df7192b6a50fe74cc2fc37ae40544f4edff7c5ed,1,1,2,0.00969035,47,46.9424,39,1,0.0635069,13.5,0,3,246,150.5
innoldb,09997d0825a422883b24c8084fd082697d44f5af,2,2,3,0.0188963,48,47.9421,52,1,0.0332137,10,0,6,249,100
innoldb,a1e212a1de5226aa4caee917975ec7b78b76e83f,1,1,1,0,49,48.9419,4,1,0.00798611,1,0,1,1,7
innoldb,be4855c636939a8ee4c11dbbc6ffc99b36d104a1,3,4,7,0.459219,50,49.8798,27,1,0.311083,3.71429,0,38,13,51.1429
innoldb,48d733b832a56ffae9285e95846d9fcf77bc7edd,2,3,4,0.220591,51,50.877,55,1,0.267147,8.75,0,26,12,104.25
innoldb,cf62de7b4abf86f434b666361ae62016a7cc5ca9,4,5,8,0.472146,52,51.8715,69,1,0.294579,4,0,51,18,62.875
innoldb,6a220d3c9b920a6eb26f7413f19358e740fb051f,5,5,7,0.399837,53,52.8681,42,1,0.39776,4.85714,0,82,17,65.8571
innoldb,8e848378e33d00e8bffde6cf4480a662f71edd23,1,5,30,0.357073,54,53.868,7,1,0.471919,0.1,0,580,197,178
innoldb,84cd99a287e897cb7d2d1e91a6be38fbc0f3c08b,1,1,1,0,55,54.8678,10,1,0.00180556,4,0,1,0,52
innoldb,f65a9ca6d79acc1f835425a3d9fee7866c41f332,1,1,1,0,56,55.8675,4,1,0.00417824,3,0,17,16,60
innoldb,d91ceac5a5546a23d1a35c921ea2fa743f1950d5,1,1,1,0,57,56.8669,5,1,0.00368056,4,0,3,2,61
innoldb,9a8db318e00a558b3fa39816d175259a54063ede,5,5,5,0.324366,58,57.8656,71,1,0.274942,3,0,23,27,29.8
innoldb,a5b88b9e271bcdee147a7829061e6e56a98408be,1,1,1,0,59,58.8654,44,1,0.555741,26,0,4,0,20
innoldb,2592e15361fd04bb83caa9e7437699b8b6ccab28,4,6,13,0.268924,60,59.8584,80,1,0.154595,3.84615,0,260,218,43.9231
innoldb,d72fd08f86435ddda8c83fd0dcbb7e1b3daa8e70,2,3,5,0.486184,61,60.844,28,1,0.0861111,6.4,0,81,50,83.8
innoldb,b9d7da11f34581f7018ed172fc159ef83991adef,2,4,7,0.131777,62,61.836,65,1,0.333069,5.42857,0,124,29,67.8571
innoldb,e609b1beade716916bf1b53ce7839a981f2711b4,1,3,19,0.22238,63,62.8358,10,1,0.220709,0.105263,0,804,238,167.737
innoldb,a27a0f89ed235e2d16b493ad500e42fd7afe828a,2,2,2,0.44391,64,63.8356,49,1,0.831568,3.5,0,6,20,13
innoldb,f03fee602062ae0b3cbc3b6e804cdedb70151510,3,3,24,0.303949,65,64.8352,50,1,0.617622,0.0833333,0,1306,349,222.75
innoldb,f07a9baf758a4e8e78a988b7be3284d72ef97f4f,1,1,1,0,0,0,0,0,0,0,0,36,0,0
innoldb,8a5f54842ad92a032da9ad6e89d916e3470abd06,1,1,1,0,1,0.999985,1,0,0,0,0,70,0,0
innoldb,ce3197e01fe6188d4bb8b944eebb70333a93d6df,4,4,5,0.27218,66,65.8256,69,2,0.0690093,6.4,0,6,12,44.2
innoldb,2616dc4420105370117c41181342bdfa2f883e8a,1,1,1,0,67,66.8234,1,0,0,0,0,22,0,0
innoldb,4310a79c0aa313abcd3f4e26fdd0b527853b7680,1,1,1,0,68,67.8232,11,1,0.248947,2,0,2,1,1
innoldb,c0a862864247e5065d566a6f232b5926af89b67f,1,1,1,0,69,68.8225,2,1,0.00458333,1,0,5,1,22
innoldb,5809074d1177695ebb5980207f5d9dcd5ecf6727,1,1,2,0.210758,70,69.8219,3,2,0.0346354,1.5,0,11,3,48
innoldb,2644312836950ed812b59beb259f597fbe3fa820,1,1,1,0,71,70.8217,4,1,0.00101852,3,0,1,1,36
innoldb,c2dffec3f893761f87bcfc6c20ed8f9de6c8764c,1,1,1,0,72,71.8216,5,1,0.000625,4,0,1,1,36
innoldb,40684c99869e4849fd6d0d4d6c0f5b61c092a74b,1,1,1,0,73,72.821,6,1,0.00303241,5,0,15,5,36
innoldb,cc092ad96b5d09e1792d0c6f113ee88cfb34d233,1,1,1,0,74,73.8207,7,1,0.00137731,6,0,2,1,46
innoldb,571e38234877e169e4f5690355d780c799206dfd,1,1,1,0,75,74.8206,8,1,0.000532407,7,0,1,1,47
innoldb,63f0d419ae19a4f7266c16e6aae1877ea5404854,1,1,1,0,76,75.8203,9,1,0.0015625,8,0,3,4,47
innoldb,930c45520ee8db7121c20bb2f3ff3819913d5b9a,1,1,1,0,77,76.8179,10,1,0.011088,9,0,9,2,46
innoldb,678b5f361afc1ec70c4865c7f0fb2eedfe786d66,1,1,2,0.57938,78,77.8147,11,2,0.0248958,5.5,0,1,5,60.5
innoldb,88e7a8a336990ab66a502410ad161bcc8aea0065,1,1,1,0,79,78.8117,12,1,0.0138079,11,0,1,1,53
innoldb,3ce4657f99bcdc05920f9731165c52d487406e52,3,3,3,0.327799,80,79.8089,75,1,0.0313387,7,0,35,6,19
innoldb,66f8ad3540f2be7aa66c391e085ccba2c40cc91d,1,1,1,0,81,80.8087,14,1,0.000706019,13,0,1,1,68
innoldb,841c44aae08b18e0ce052f030d64c681dac83851,1,1,1,0,82,81.8079,15,1,0.00378472,14,0,4,3,68
innoldb,87e62f38f13108737b3d21ed2fd1dc62f08ddade,3,3,3,0.405639,83,82.8068,49,1,0.0927662,7,0,9,3,32.3333
innoldb,425a48659a48b94a0c03bdc9e0163c6ea776e162,1,1,1,0,84,83.8064,17,1,0.00164352,16,0,1,1,68
innoldb,60b72d805fdf66a451a358a6cbd2b6e6c4cc2efa,1,1,1,0,85,84.8056,18,1,0.00369213,17,0,2,3,68
innoldb,598e1347ec0dbea1f20a1700d22ede02c8c2f34e,3,3,3,0.252163,86,85.8013,54,1,0.0168673,6,0,28,2,26.6667
innoldb,b0805ad66c10afb9d1be12d342eb5c8335d56155,1,1,1,0,87,86.7994,20,1,0.00836806,19,0,5,5,67
innoldb,f742ce446b654aa2f8c3f0e70e4d550e14bcbd38,1,1,1,0,88,87.7986,21,1,0.00318287,20,0,1,4,67
innoldb,c99a719180b15a68d7577284c38945c51a24dc4a,1,1,1,0,89,88.7983,22,1,0.00113426,21,0,2,2,64
innoldb,3fe1cea556318309fd989f9a1853c9269ad0a326,2,2,2,1,90,89.7969,46,1,0.0977836,21,0,4,2,92.5
innoldb,1ddeebe7a431d23efc057c103775afa4f7b07f97,1,1,1,0,91,90.7964,24,1,0.00203704,23,0,1,1,67
innoldb,4bc212a64e0614d757040e6f9ae4bfe594dbf408,1,1,1,0,92,91.7959,25,1,0.00206019,24,0,1,1,67
innoldb,693858e5afe9b8194c613f14c31e33f0205d6795,1,1,1,0,0,0,0,0,0,0,0,12,0,0
innoldb,f17a057077284f6932e5daad2f6360cd72ab3d63,2,2,3,0.328199,93,92.7933,77,2,0.0269329,11.6667,0,11,17,28
innoldb,087f7a52841c59f12d0d5bfb25ce1a2ca60857dd,2,2,2,0.35218,94,93.7926,79,1,0.17173,27,0,7,2,40
innoldb,55ff8bf8bb5000b0206fb9cd8c65f7ae018a08b5,1,1,1,0,95,94.7907,28,1,0.00740741,27,0,1,1,56
innoldb,3553b8b8945a04917b4101a61606f20fe9f1f560,1,2,2,0.278129,96,95.7853,24,1,0.0885301,14,0,22,0,87
innoldb,fe0876196d0a93171c3e8276394b38796ea9c4a0,1,1,1,0,97,96.7849,25,1,0.00155093,1,0,7,0,18
innoldb,6075fb8a1954a2664adae6f192b83c0e9f3c074a,1,1,2,0.0843225,98,97.7794,26,1,0.0646586,3,0,14,2,13.5
innoldb,aacadb5db3febfeaf3d676c00b2569e5545857d4,1,1,2,0.47756,99,98.7765,27,1,0.0533507,2,0,2,5,29.5
innoldb,741761e8218cdc3e95ef2e771ffdca20b3d6456d,1,1,1,0,0,0,0,1,0.0785185,21,0,1,1,120
innoldb,8f5d9312e3b2d95828a3d80de21513159e5eaced,0,0,0,0,2,1.99858,0,0,0,0,0,0,0,0
innoldb,7f7447096c1224603c46204fd8c96a716283f4c1,1,1,1,0,1,0.999998,1,1,0.0015625,4,0,1,1,36
innoldb,bf2f3a3dee5706856f859a302fa4f5597aad0908,3,5,10,1,2,2,2,2,0.278529,4.5,0,10,10,78.5
innoldb,41007616d7a075ccd760eb37a0c2591ea29762a3,1,1,1,0,100,99.7756,29,1,0.0568981,28,0,8,8,56
innoldb,32a3805738c472b9172880f3f1edaad73606fa50,0,0,0,0,3,2.99856,0,0,0,0,0,0,0,0
innoldb,8a220c2da33632df67408ab65914c386b99c8cb9,0,0,0,0,4,3.99855,0,0,0,0,0,0,0,0
innoldb,a6fb14bc1aae240727edcff54a7796d0ac3c552f,1,1,1,0,101,100.775,53,2,0.0697222,2,0,3,0,16
innoldb,e4f63a502654d8b5f7cd94035b6e2bc67fd9c307,2,2,3,0.75,102,101.646,39,2,0.621397,10.6667,0,10,2,68.6667
innoldb,eddd37bcc9ce2870e4ef85f1d2195dc6538031b2,2,4,5,0.37863,103,102.638,30,2,0.569289,8.2,0,19,13,51.6
innoldb,de77f3753deca0af61510c40298f4ca3bbcbdd30,3,4,3,0.251463,104,103.635,50,2,0.643414,5.33333,0,29,7,52.6667
innoldb,c023323d2d7726155050460e3280f065bed473ff,2,2,2,0,105,104.634,27,1,0.479277,4.5,0,3,3,66.5
innoldb,9076cf6849a481c43844268191635da47124854d,3,3,3,0.116281,106,105.609,56,2,0.982234,6,0,33,8,28
innoldb,2a47babb7d1eb08e4bbb6c4b12520fce024f6f79,1,1,1,0,107,106.608,54,2,0.594537,3,0,5,1,19
innoldb,f10b38cec31ef64859e4134f41086e5260611750,1,1,1,0,1,0.998164,1,2,0.00201389,4,0,3,4,23
innoldb,ede2b9f43709f4dfe29bac34a2f29d4fcbe43ea2,3,5,11,0.270184,3,2.99506,5,2,0.495888,4.63636,0,605,550,77.9091
innoldb,72dec516e91aabf40775870fc8ddc2cd09c73dc1,0,0,0,0,5,4.99036,0,0,0,0,0,0,0,0
innoldb,b4193f159b7ac7f176b3b4348ed2acdee060d24d,1,1,1,0,108,107.606,32,2,0.0114583,9,0,11,0,81
innoldb,ddd7705d8cb6dbe97fceb07b38587fe10ea7fa41,0,0,0,0,109,108.605,0,0,0,0,0,0,0,0
innoldb,1ec7a64e5e307d543e5bd26b66ccf0e2a290ec8d,1,1,1,0,4,3.99497,4,2,0.000925926,11,0,5,4,98
innoldb,381bcb3bde35bed3d07cca5acf887f8fe2d05d3a,0,0,0,0,6,5.99021,0,0,0,0,0,0,0,0
innoldb,4d6097d963ff5d704a5cdca290173a52d5399671,2,2,4,0.275747,110,109.584,88,3,0.0774132,5.5,0,17,3,45.25
innoldb,eb0f6d8c4ecf135e8146ef7699fc2941833cbc42,0,0,0,0,111,110.584,0,0,0,0,0,0,0,0
innoldb,ea5582327aefbcf4c5092e6bf87aafaa278be67c,1,1,1,0,112,111.581,34,0,0,0,0,32,0,0
innoldb,d893ebfc6abc63c8c4db0832b06f9df33a80cc66,1,1,2,0.431711,113,112.58,35,2,0.00770833,7,0,13,6,72
innoldb,29b5d1622785bf4675ef26af638b108d5a689b6c,1,1,1,0,114,113.579,36,2,0.00532407,14,0,17,13,124
innoldb,bbc023b0a718b6ae7f7075316a79a74432d1dbe2,2,3,3,0.320742,115,114.56,50,2,0.1351,3,0,35,55,89.6667
innoldb,b8c540dbf0dda1c8460a3f0a137f94a1b989975d,1,1,2,1,116,115.56,56,1,1.02841,6.5,0,0,2,23
innoldb,30c7cbc9ff1586d2a000ae6c988408c7e929f6eb,2,2,3,0,117,116.558,40,1,0.522222,1.66667,0,0,1,1
innoldb,3541598fb4bea4b2c0cf0044d829a19abdd9ab4c,1,1,1,0,5,4.99286,5,2,0.00601852,6,0,2,2,164
innoldb,2e5aa6f7a0364c9a4f26f3b2acacb02eab05ff68,2,3,4,0.30441,118,117.552,96,2,0.288296,9.5,0,61,34,67.75
innoldb,a5a504c93d316aaf3bd2267e0922b31ad9e3c7d9,1,1,2,0.734496,6,5.99255,6,2,0.000150463,4.5,0,6,4,103
innoldb,b6bf387c27ae8ec5941d50494997b823e53f57e1,1,2,2,0.879154,119,118.55,40,2,0.0976736,17.5,0,40,6,176.5
innoldb,0919e1fbc78c93acef2b1977a3e3236406fafe55,1,1,1,0,7,6.99242,7,2,0.000162037,8,0,18,19,187
innoldb,2ef29d449b8bafec15cccd3765103fb256338946,0,0,0,0,7,6.98678,0,0,0,0,0,0,0,0
innoldb,37689687193b5ad0bcf38ca47b31a6bf701a2f19,1,1,1,0,8,7.99241,8,2,0.000833333,9,0,17,18,187
innoldb,bb8e174862e4663b12affaf129b86f5e70775543,0,0,0,0,8,7.98677,0,0,0,0,0,0,0,0
innoldb,2375d6a01af23d52202ec6e5b2b0b9d827afe5d4,0,0,0,0,9,8.98676,0,0,0,0,0,0,0,0
innoldb,530b34a7bc2288dbf8bc4f207614d652a49da541,0,0,0,0,10,9.98676,0,0,0,0,0,0,0,0
innoldb,29c87dab55d843a600182760db24c05d6437a769,0,0,0,0,11,10.9867,0,0,0,0,0,0,0,0
innoldb,f3f178ffcd6d26ca56f4ab3f68dfa531e28d5208,2,3,4,0.25978,120,119.549,44,2,0.135628,9,1,30,5,46.75
innoldb,2d28f2cae4efb6a3e6f7393eccc3d23b250c83b9,0,0,0,0,121,120.549,0,0,0,0,0,0,0,0
innoldb,158147d955d84eb348c62a8081d6163e8f22fef9,1,1,1,0,122,121.545,42,2,0.0135532,12,0,18,1,186
innoldb,2ff93af99fb8da8b8d5e5ffcaea156f9ed62b8d3,2,2,3,0,123,122.519,47,2,0.0851813,5.66667,0,32,25,67.6667
innoldb,c4ce0f328077a96205089e5e3f9451df2002f960,1,1,1,0,9,8.99016,9,2,0.000335648,14,0,1,2,210
innoldb,46c866d54f835be097188bcee8a1d7e9ee54e972,3,5,9,0.473452,124,123.376,107,2,0.4378,6.55556,0,18,11,66.1111
innoldb,7da9ec78de4eceaa825d6bb15724fe7fdb817b14,1,1,2,0,125,124.376,6,1,0.000891204,3,0,0,0,0
innoldb,2d2a2f74f5e677348eff7a3b279d4e14d38534e7,2,2,3,0,126,125.376,66,1,0.457924,5.66667,0,2,1,2
innoldb,2fe56effb88349d9604b29100e7e95ae32dbf5f6,3,6,6,0.322611,127,126.332,122,2,0.186971,9,0,126,5,91.1667
innoldb,fb4112d30d78413279ae5a2792481abad122cf36,1,1,1,0,128,127.331,46,2,0.00240741,16,0,49,0,170
innoldb,f89214f841911e943e29eae44ed118f33e15f24c,2,4,5,0.443335,10,9.97499,12,2,0.00258102,8.8,0,35,33,99.6
innoldb,6c8b127d0ce9c02883b92611a69bc38fa961c9b6,0,0,0,0,12,11.9655,0,0,0,0,0,0,0,0
innoldb,1a34647839603623d96c95dfc979544997c01342,1,1,1,0,11,10.9749,11,2,0.00436343,17,0,1,1,212
innoldb,dceb0465d73205d4eee9761b00d5fb3e6ea1750c,0,0,0,0,13,12.9655,0,0,0,0,0,0,0,0
innoldb,f39e07ba49260a9f0e12dbc8fe83cfd71927c118,0,0,0,0,14,13.9655,0,0,0,0,0,0,0,0
innoldb,2ac7f1838dfbe46246d91a7c2f63449b0362d92d,3,4,5,0.381449,129,128.33,126,3,0.155586,4.8,0,23,11,58.8
innoldb,beb5adc88df486ee6557c349b827553e7c77ae41,2,6,9,0.47996,130,129.324,67,2,0.21421,4.33333,0,87,52,34.4444
innoldb,2f7f8e60adf0a83c2e0344d2f370a88cf57e8bdf,1,1,1,0,12,11.9742,12,2,0.0226273,19,0,2,2,212
innoldb,19a6b3da85899f796845c5dae97af545ee8b2be3,0,0,0,0,15,14.9646,0,0,0,0,0,0,0,0
innoldb,00a0e5022d09557e968811d11fc511618a8cb28a,1,2,2,0.23892,131,130.319,49,2,0.0133507,10.5,0,42,27,125.5
innoldb,bc37a650e8d5ecc38ec80b531de1ecc2e55a7bc7,1,1,1,0,13,12.9738,13,2,0.000150463,21,0,3,3,221
innoldb,d8a57ed75c2c72c4406f43ec883d709060506d50,3,8,40,0.357426,132,131.312,126,2,1.36632,1.625,0,1313,158,164.475
innoldb,fd4637ffc283ecf017344649fa17adfa1e37ece5,2,2,25,0.316249,133,132.312,65,1,1.43553,0.12,0,1137,113,245.52
innoldb,7c5c33fd1be911210545531bb5d91e484c57fe81,1,1,1,0,134,133.311,64,1,0.00162037,4,0,1,1,440
innoldb,cf3a091375f226f3b5e807010614361c732a6293,2,2,2,1,135,134.311,80,1,0.00304398,16,0,2,2,65
innoldb,118efc0d1eaade951b27bd50cb1ae1f1bebee1b2,2,2,2,0.268649,136,135.309,81,2,1.21021,10,0,14,3,55
innoldb,668c6760ed624a7ee4a97a0c6726d7b96682fdff,1,1,1,0,14,13.9727,14,2,0.0284954,21,0,1,1,221
innoldb,36781fcaefd88c252d946266f1aa557b74c5d3a3,1,1,1,0,15,14.9727,15,2,0.000104167,22,0,3,3,221
innoldb,ac127211b9ceda28551287f53ccc91e4148544ec,1,1,1,0,137,136.307,52,2,0.0622222,18,0,1,1,229
innoldb,859a4669ac67f4aedc79f82e35f92bf70ad23282,2,5,19,0.388886,138,137.303,69,2,0.334546,2.26316,0,184,49,227.947
innoldb,2541af7e219776b71ebac1332c860f65101cfad6,2,2,12,0.367791,139,138.302,69,1,0.171021,0.416667,0,160,38,331.917
innoldb,966113a15779f8d6edc3d066e5fe6667ca4028f5,2,2,5,0.26586,140,139.299,71,2,0.529861,8.4,0,30,80,77
innoldb,af5a26d30a63d058927c0a7d2b9dcebc8a5dd037,1,1,1,0,16,15.9716,16,2,0.000162037,41,0,2,2,248
innoldb,354b433eac47fe962077e675b29c6c590333b237,1,2,2,1,17,16.9716,17,2,0.0271528,26.5,0,2,2,234.5
innoldb,97203fb721947ab6543a93151cfc4c6a8c5ef146,1,2,2,0.57938,18,17.9716,18,2,0.000104167,27,0,3,3,234.5
innoldb,d0b6a131d982f8b2837d597ac0d7dc87b1728be2,0,0,0,0,16,15.9618,0,0,0,0,0,0,0,0
innoldb,0ac5381dd8b2833c9aa393946f558f2e4b9d6114,0,0,0,0,17,16.9618,0,0,0,0,0,0,0,0
innoldb,83cd77b14d85d4011e01510ee4d92879ecccd326,0,0,0,0,18,17.9618,0,0,0,0,0,0,0,0
innoldb,61acdb1389ba988f9ba8c6e9c0a8a4385bf88476,0,0,0,0,19,18.9618,0,0,0,0,0,0,0,0
innoldb,733b9cd23209849db27d41d6e5f3ff514f6b54b8,1,1,1,0,141,140.298,55,2,0.0025463,44,1,1,1,248
innoldb,9fbec8d7c9ea3244566c43b3ddfa2c4683acb379,1,1,1,0,19,18.9714,19,2,0.000972222,45,0,1,1,248
innoldb,dd5e404644355e0efe3d466d62804a4fbda3177b,0,0,0,0,20,19.9616,0,0,0,0,0,0,0,0
innoldb,b7904d80c76ecbd59ad9ff2f7a7ba9444bc5a1bc,2,5,8,0.929897,142,141.296,74,2,0.36022,9.125,0,9,9,121.875
innoldb,89c52b714385d38dc92c22367599d9b24dedae02,0,0,0,0,143,142.296,0,0,0,0,0,0,0,0
innoldb,b014a1fe7a75f238061bcc72e6eb1d753e412b3c,1,1,1,0,144,143.29,57,2,0.948472,14,1,1,2,29
innoldb,fec98e2caf3f8a35f495ab32e7dec97f8b5e2e5a,1,2,3,0.669522,145,144.266,58,2,0.0806597,24,1,19,4,201
innoldb,fb0e7a3e1fe714cd8d056b4084aa9211f7c679f6,1,2,2,1,20,19.967,20,2,0.000185185,24,0,4,2,183
innoldb,59d6e450a9d319e0cce5f55b8c570190fb3c020e,1,4,4,0.280594,146,145.253,59,2,0.0621615,16,0,49,5,125.75
innoldb,c893ca0dbe6b193550d970fed6cc550850faefa5,1,1,1,0,21,20.9652,21,2,0.000219907,49,0,3,2,258
innoldb,85f4fac4d3f9135ad61e6fb2d7e7ba557a900949,1,1,3,0.435338,147,146.25,60,1,0.0422184,1.66667,0,38,24,23.3333
innoldb,148db039ab59ab8ba1ce3bffb3203c13341c8d94,2,5,21,0.357768,148,147.246,80,2,0.257614,3,0,273,165,220.619
innoldb,7cd7f75676e07589f0bb6bfc32f6e2aadc7c139b,1,1,2,0.251463,22,21.964,22,2,0.000185185,30,0,10,8,203
innoldb,10b4ea2d63a622fa4c7d072453195672674ce9c4,2,5,7,0.41887,149,148.23,129,2,0.368762,10.7143,0,67,23,93.5714
innoldb,65b8a95da9bfd4bd9f79142c9f96b37811866a07,1,2,2,0.368404,23,22.9617,23,2,0.000914352,33,0,14,12,261.5
innoldb,e2371e8d89dea25d1bf57a04f6e79ad73b66c394,2,2,2,0.405639,150,149.225,83,2,0.711285,11.5,0,4,4,117
innoldb,9add99c7489555cee6444929d8b33f20a4b98853,1,2,2,0.910425,151,150.224,64,2,0.0169792,33,0,44,3,261.5
innoldb,7a8a544d931870aebe05cbea5007ae31af16413b,1,2,2,0.190101,24,23.9606,24,2,0.000162037,33.5,0,12,11,282
innoldb,6aff40300834a1ed6208117fa396f835a3721c28,0,0,0,0,21,20.9509,0,0,0,0,0,0,0,0
innoldb,c7cc8a02c59adf43f0da8c48ea215c1eed4df4ed,0,0,0,0,22,21.9509,0,0,0,0,0,0,0,0
innoldb,018b3fc2ae7df5208ab17e0528e0be1d51f6f7a7,0,0,0,0,23,22.9509,0,0,0,0,0,0,0,0
innoldb,b39ea76349da67b2d4ba089745ae52ef841ab543,0,0,0,0,24,23.9509,0,0,0,0,0,0,0,0
innoldb,c4df35e8278df762488adc93d06a2e66a114ed11,1,1,1,0,25,24.9605,25,2,0.00142361,53,0,9,9,293
innoldb,2c7709d683689417b53e3c375a765e144d10cff7,0,0,0,0,25,24.9508,0,0,0,0,0,0,0,0
innoldb,7d5e57d4917b08d55ad7fa5034a1cb14dc47053c,0,0,0,0,26,25.9508,0,0,0,0,0,0,0,0
innoldb,c1d658b53009982fb6263dea985b4068e2f810a7,1,1,1,0,26,25.9604,26,2,0.00232639,54,0,6,6,294
innoldb,2e7f361f288a6768958eaf57d2fb412d997c85fc,0,0,0,0,27,26.9507,0,0,0,0,0,0,0,0
innoldb,47c8bbf29c5c012e9789ab35c522b10b0fa1efce,0,0,0,0,28,27.9507,0,0,0,0,0,0,0,0
innoldb,bea424bf3b3404417d6a23c701f97dc9963cc9fb,1,1,1,0,27,26.9604,27,2,0.00346065,55,0,3,3,294
innoldb,59fae6149fa1d6a8981a12d01992226b0b593e80,0,0,0,0,29,28.9507,0,0,0,0,0,0,0,0
innoldb,a6abd0a943aeca99aed204386505d4e9ddc3cf2c,0,0,0,0,30,29.9507,0,0,0,0,0,0,0,0
innoldb,6781bb7dfe6276cec2a52bf8f5a202ef47a3a9e0,0,0,0,0,31,30.9507,0,0,0,0,0,0,0,0
innoldb,c96b561a120ccef2b437b1e76a342e4c2cff061a,0,0,0,0,32,31.9507,0,0,0,0,0,0,0,0
innoldb,69b65d3b0c970a0968404c12c9774a89e5a8112c,0,0,0,0,33,32.9506,0,0,0,0,0,0,0,0
innoldb,a3c9a692f4ef2d99e84c8ded8ba13afd2b0dc2a3,0,0,0,0,34,33.9506,0,0,0,0,0,0,0,0
innoldb,bb292b53dde8444cc13472f44cb38f4a6face5aa,1,1,1,0,152,151.219,65,2,0.0648958,29,0,68,0,137
innoldb,5f5dc9e8ec3af4a61cf7aae103006454dfc54949,0,0,0,0,153,152.219,0,0,0,0,0,0,0,0
innoldb,9899ea60b4903456be4eef3b557edc8fe4f0027a,1,1,1,0,28,27.9598,28,2,0.000335648,32,0,2,1,206
innoldb,c6beecd72b8b7ab98e7791356416de1ddc45961d,1,1,1,0,29,28.9597,29,2,0.00811343,59,0,0,1,294
innoldb,6aab3720f6da678704b86ff86caf5b8a9291d959,1,1,1,0,30,29.9597,30,2,0.00123843,32,0,1,1,206
innoldb,61029304ab76e2078208123b80742bd024cd0df3,0,0,0,0,35,34.9499,0,0,0,0,0,0,0,0
innoldb,224fe28028886cb571790b9d7722362dc89ca9b8,0,0,0,0,36,35.9499,0,0,0,0,0,0,0,0
innoldb,a2efe44545aa23cac20545758fcb4f58c72aee6c,0,0,0,0,37,36.9499,0,0,0,0,0,0,0,0
innoldb,9ec9f686ead60b8cd8532b359f682b5751c892a0,1,2,3,0.409223,154,153.218,66,2,0.38478,25,0,7,7,195.667
innoldb,f7cef27eedb5a90ba44b23be5a93e82f586ec7de,0,0,0,0,155,154.218,0,0,0,0,0,0,0,0
innoldb,4ced5a4151eb0f0b15f2809ee40ca6d095910432,1,1,1,0,156,155.217,67,2,0.00150463,61,0,3,3,293
innoldb,b94cc8d3493dd38b47078e53837a2fe6c8ecdf52,1,1,1,0,157,156.217,68,2,0.000960648,62,0,6,2,293
innoldb,f04c07ae9ba95ca4eeae5e41dab2fd154b16af27,1,1,1,0,31,30.9593,31,2,0.000185185,63,0,2,2,297
innoldb,8ba8724ebe960b38440647f8f5bf6e391d2668e2,1,3,11,0.456931,158,157.216,21,1,0.11856,0.545455,0,33,20,196.364
innoldb,98e86aa09d9fa481b3548258a2777b9fe4faa7e5,2,2,15,0.328064,159,158.216,72,1,0.395667,0.333333,0,234,156,297.4
innoldb,6a9e3417dd2ff1f1bf2986200b6ef46ed72fd2b5,1,4,20,0.755504,160,159.215,22,1,0.386082,0.5,0,32,32,316.35
innoldb,8418cc6bb3d0102033deaabf1236d921170c38fb,2,2,17,0.745283,161,160.215,74,1,0.232416,0.411765,0,31,31,371.765
innoldb,23751bff137d435be7f0edba4608a636488515d7,0,0,0,0,38,37.9491,0,0,0,0,0,0,0,0
innoldb,a59238440733e4c072e7fb26a377ca73d616b9f0,2,2,5,0.718546,162,161.21,93,1,0.358644,8.4,0,16,8,80.2
innoldb,7706aaf801803a108e5a9418067a999f5c4e5ea7,0,0,0,0,163,162.21,0,0,0,0,0,0,0,0
innoldb,357238d638481088638120b0d2fed5bfbe39c3e0,1,3,13,0.746547,164,163.21,24,1,0.106279,0.692308,0,28,14,172.615
innoldb,028a349dc05382d0e3b1de41e71b4f07dc3d0314,2,2,8,0.746547,165,164.21,77,1,0.070421,1,0,28,14,280.5
innoldb,b89c9cb27ccd89620827ebb56f1fac999b2f18f6,3,5,7,0.290463,166,163.807,166,2,3.21037,15,0,113,44,111.286
innoldb,93c8cd07f3c54014a130105b01d779f0dfbfa2ca,1,1,1,0,167,164.807,70,2,0.000740741,22,0,0,1,269
innoldb,b8f341711f22184f46e2a2b10c9d02700ba069f6,1,1,1,0,32,31.6856,32,2,0.000798611,65,0,7,4,314
innoldb,0999153203c1f21d470f875f5433898622360d05,2,3,3,0.431688,168,165.806,144,2,2.12915,24.6667,0,4,13,133.333
innoldb,22a9e02d4fba500a23beb09846d0eca70b6e8c98,1,1,1,0,33,32.6854,33,2,0.000150463,66,0,4,2,304
innoldb,69dd63e003b8b3712545550f1f38ae5629fd4dc7,0,0,0,0,39,38.6157,0,0,0,0,0,0,0,0
innoldb,8879690627fb08795bdf6e749789dd47f02ac3bb,0,0,0,0,40,39.6156,0,0,0,0,0,0,0,0
innoldb,a2e5732456cff9bb187adab54660524c3cc071c9,0,0,0,0,41,40.6156,0,0,0,0,0,0,0,0
innoldb,b70a3a73861ba23bc8d24cc271ebf28e689f0ba5,1,1,1,0,34,33.6852,34,2,3.16554,34,0,0,1,207
innoldb,b70a3a73861ba23bc8d24cc271ebf28e689f0ba5,1,1,1,0,34,33.6852,34,2,3.16554,35,0,0,1,207
innoldb,0c945b14e98bd9d2e7854c7584d2ff3af93b5e76,0,0,0,0,42,41.6154,0,0,0,0,0,0,0,0
innoldb,0a63eb0e547d39fab4e808a62055ef1a4c4fd46b,1,1,1,0,169,166.79,72,2,0.0378819,23,0,16,4,268
innoldb,0aa41e3905eb8f1f57658c7ef76e532311cd9433,0,0,0,0,170,167.789,0,0,0,0,0,0,0,0
innoldb,b6d12d2ac475301f6ab68f31a7a6353289b23cc6,2,2,2,0.734496,171,168.782,147,2,0.0545197,45.5,0,2,3,187
innoldb,14ed1c7b99f5698a3fc75aadaaef199846c42a8f,1,1,1,0,35,34.6804,35,2,0.000173611,69,0,2,1,306
innoldb,19f2d103e66464815737a9abeef74ad87c98cb86,1,2,2,0.194885,172,169.776,74,2,1.61973,34.5,0,9,6,164
innoldb,3764a7ee4463516d956dafc146865056d498025b,1,1,1,0,36,35.6792,36,2,0.000173611,70,0,2,1,309
innoldb,a49b5c927f2eca52b24afdaf448b546e0a1b4a8a,1,2,4,0.438437,173,170.774,75,2,2.54614,18.75,0,40,3,137.25
innoldb,a49b5c927f2eca52b24afdaf448b546e0a1b4a8a,1,2,4,0.438437,173,170.774,75,2,2.54614,19,0,40,3,137.25
innoldb,79d44509ab5301337949d3fc7a75d3dee2c14dc6,2,6,11,0.362547,174,171.58,76,2,0.582739,9.72727,0,123,60,90.7273
innoldb,79d44509ab5301337949d3fc7a75d3dee2c14dc6,2,6,11,0.362547,174,171.58,76,2,0.582739,9.81818,0,123,60,90.7273
innoldb,e85f1d0a6cd3b9dd79b897bf2cd3c504bf442d6f,1,2,2,0.57938,37,36.6371,37,2,0.000173611,44,0,6,3,299
innoldb,92d4c30363893ea0d1d09706e47f6c051f43c496,1,2,2,0.219677,175,172.576,77,2,0.234988,44,0,16,11,295
innoldb,7d5c6300964fcc0976ab47bc73b2d30b1af225eb,1,1,1,0,38,37.6363,38,2,0.000231481,72,0,4,3,315
innoldb,7a95a8868a2b71aa3dd537ae399dba8f628d4ed6,2,3,3,0.156627,176,173.574,153,2,0.176408,17,0,22,12,97.6667
innoldb,7a95a8868a2b71aa3dd537ae399dba8f628d4ed6,2,3,3,0.156627,176,173.574,153,2,0.176408,17.3333,0,22,12,97.6667
innoldb,86dfa8e2aa185a3d98d9b5cd47b929cfd92b0861,2,7,24,0.337365,177,174.558,105,2,3.42007,4.04167,0,526,71,196.417
innoldb,86dfa8e2aa185a3d98d9b5cd47b929cfd92b0861,2,7,24,0.337365,177,174.558,105,2,3.42007,4.08333,0,526,71,196.417
innoldb,386877c8e0767cdc4aeb18463895bbb4aa1bf1cd,1,1,2,0.461259,39,38.6322,39,2,0.000219907,45,0,21,15,276
innoldb,386877c8e0767cdc4aeb18463895bbb4aa1bf1cd,1,1,2,0.461259,39,38.6322,39,2,0.000219907,45.5,0,21,15,276
innoldb,60cc519b98867de798c04214d25f0e46265aeaf8,0,0,0,0,43,42.5538,0,0,0,0,0,0,0,0
innoldb,505863b2c035c988ca2ba5199e42877ca7e7ed13,0,0,0,0,44,43.5538,0,0,0,0,0,0,0,0
innoldb,8bfb1aa40781a4bbbb0487618a386a237108a2a1,1,1,1,0,40,39.6322,40,2,0.000902778,74,0,4,3,327
innoldb,f37efbe1c50ad41dd6725203fe9f91b1887d18e3,0,0,0,0,45,44.5537,0,0,0,0,0,0,0,0
innoldb,84d36dada95e3a66c4aae34d8441ab90150856c8,0,0,0,0,46,45.5537,0,0,0,0,0,0,0,0
innoldb,2d5a721bd2fa7f7b8aefb1eb16822d5822b204c5,0,0,0,0,47,46.5537,0,0,0,0,0,0,0,0
innoldb,af00656030eb544d8b047ae5ae8f2fb151d1b741,0,0,0,0,48,47.5537,0,0,0,0,0,0,0,0
innoldb,ce0380b161634c0c95f2b952367cba88b00edaf5,0,0,0,0,49,48.5536,0,0,0,0,0,0,0,0
innoldb,2e51763d5cb86ec87d3fde1460d0388773410d5a,0,0,0,0,50,49.5536,0,0,0,0,0,0,0,0
innoldb,a49da3177115467e3e22b2e17ec394c23cdff026,1,1,1,0,41,40.632,41,2,0.00226852,77,0,3,2,327
innoldb,a70213e65da5ee6cbfcf4d5fccef21aaa936c5d7,0,0,0,0,51,50.5536,0,0,0,0,0,0,0,0
innoldb,d2d0dfe5f3e3cd2d3560fe2054f5c91a6d610c4c,0,0,0,0,52,51.5535,0,0,0,0,0,0,0,0
innoldb,15e8231adefcb07955bfa73bbb14c0840e16c11e,0,0,0,0,53,52.5535,0,0,0,0,0,0,0,0
innoldb,791c8ad60061162937eb00e13cbbaebafc3f457a,1,5,10,0.428149,178,175.53,80,2,0.427219,10.6,0,76,61,97
innoldb,791c8ad60061162937eb00e13cbbaebafc3f457a,1,5,10,0.428149,178,175.53,80,2,0.427219,10.7,0,76,61,97
innoldb,1f38bba4e2c3f1ccfdebc81a0796224be8abc38f,0,0,0,0,179,176.53,0,0,0,0,0,0,0,0
innoldb,8c1d4eb5a1cecb08293e9571e1120ebd6b7e64c5,1,2,2,1,42,41.6257,42,2,0.000578704,40.5,0,5,3,169.5
innoldb,503eb1bfffeb9b97f2423fab52a325f016518764,1,2,2,0.87387,180,177.529,81,2,0.00288194,40.5,0,9,2,169.5
innoldb,efb655c26a86f9e5b257a7880c4513edccebfae5,1,2,2,0.47756,43,42.6254,43,2,0.000162037,41,0,5,2,173
innoldb,a4c64e6a0caa4dc1cbab81a8b639dbfdfbb99f26,3,6,13,0.444789,181,178.523,83,2,1.01965,6.53846,0,4,108,43.6923
innoldb,d1b184496bbbce0ec3f20f69ff973a01ae109a9e,1,1,1,0,44,43.6238,44,2,0.000138889,83,0,1,1,310
innoldb,dcabc117812393dab26d5bc4088743bf67c87801,6,11,59,0.513998,182,170.658,238,2,21.7782,2.9661,0,700,706,169.746
innoldb,dcabc117812393dab26d5bc4088743bf67c87801,6,11,59,0.513998,182,170.658,238,2,21.7782,2.98305,0,700,706,169.746
innoldb,cae54afb87dbd6467b570ded568f3e5d71423922,1,2,2,0.35218,45,42.4091,45,2,0.000162037,42,0,6,3,174.5
innoldb,23a3b36c02d4d7b71d62f60c0b73f219862f30a2,1,1,1,0,0,0,0,1,40.195,12,0,2,1,7
innoldb,0b4dc2f78cfc7819c09dbd929d78f5446513c66c,3,3,7,0.139365,183,164.559,182,1,11.9893,6.57143,0,97,11,23.2857
innoldb,3c56588641a30b5dda6e01a14d2afa3ed2818743,2,2,5,0.0733036,184,165.558,163,2,3.36029,6.4,0,3,88,26.6
innoldb,860608ae9fe02e76ea658dd17fce93f4da79efd4,1,3,5,0.497679,185,166.557,86,2,13.432,23.2,0,12,12,170.8
innoldb,860608ae9fe02e76ea658dd17fce93f4da79efd4,1,3,5,0.497679,185,166.557,86,2,13.432,23.4,0,12,12,170.8
innoldb,a29f7aea8e2cb0721ee6504c9446f4e7c29aa0ca,1,1,1,0,46,41.603,46,2,0.000127315,85,0,1,1,310
